i,star,start_time,end_time,exposure_time
0,V* V732 Her,2024-10-02 20:08:19.439,2024-10-02 20:08:44.439,25.0
1,V* V732 Her,2024-10-02 20:08:44.439,2024-10-02 20:09:09.439,25.0
2,V* V732 Her,2024-10-02 20:09:09.439,2024-10-02 20:09:34.439,25.0
3,V* V732 Her,2024-10-02 20:09:34.439,2024-10-02 20:09:59.439,25.0
4,V* V732 Her,2024-10-02 20:09:59.439,2024-10-02 20:10:24.439,25.0
5,V* V732 Her,2024-10-02 20:10:24.439,2024-10-02 20:10:49.439,25.0
6,V* V732 Her,2024-10-02 20:10:49.439,2024-10-02 20:11:14.439,25.0
7,V* V732 Her,2024-10-02 20:11:14.439,2024-10-02 20:11:39.439,25.0
8,V* V732 Her,2024-10-02 20:11:39.439,2024-10-02 20:12:04.439,25.0
9,V* V732 Her,2024-10-02 20:12:04.439,2024-10-02 20:12:29.439,25.0
10,V* V732 Her,2024-10-02 20:12:29.439,2024-10-02 20:12:54.439,25.0
11,V* V732 Her,2024-10-02 20:12:54.439,2024-10-02 20:13:19.439,25.0
12,V* V732 Her,2024-10-02 20:13:19.439,2024-10-02 20:13:44.439,25.0
13,V* V732 Her,2024-10-02 20:13:44.439,2024-10-02 20:14:09.439,25.0
14,V* V732 Her,2024-10-02 20:14:09.439,2024-10-02 20:14:34.439,25.0
15,V* V732 Her,2024-10-02 20:14:34.439,2024-10-02 20:14:59.439,25.0
16,V* V732 Her,2024-10-02 20:14:59.439,2024-10-02 20:15:24.439,25.0
17,V* V732 Her,2024-10-02 20:15:24.439,2024-10-02 20:15:49.439,25.0
18,V* V732 Her,2024-10-02 20:15:49.439,2024-10-02 20:16:14.439,25.0
19,V* V732 Her,2024-10-02 20:16:14.439,2024-10-02 20:16:39.439,25.0
20,V* V732 Her,2024-10-02 20:16:39.439,2024-10-02 20:17:04.439,25.0
21,V* V732 Her,2024-10-02 20:17:04.439,2024-10-02 20:17:29.439,25.0
22,V* V732 Her,2024-10-02 20:17:29.439,2024-10-02 20:17:54.439,25.0
23,V* V732 Her,2024-10-02 20:17:54.439,2024-10-02 20:18:19.439,25.0
24,V* V732 Her,2024-10-02 20:18:19.439,2024-10-02 20:18:44.439,25.0
25,V* V732 Her,2024-10-02 20:18:44.439,2024-10-02 20:19:09.439,25.0
26,V* V732 Her,2024-10-02 20:19:09.439,2024-10-02 20:19:34.439,25.0
27,V* V732 Her,2024-10-02 20:19:34.439,2024-10-02 20:19:59.439,25.0
28,V* V732 Her,2024-10-02 20:19:59.439,2024-10-02 20:20:24.439,25.0
29,V* V732 Her,2024-10-02 20:20:24.439,2024-10-02 20:20:49.439,25.0
30,V* V732 Her,2024-10-02 20:20:49.439,2024-10-02 20:21:14.439,25.0
31,V* V732 Her,2024-10-02 20:21:14.439,2024-10-02 20:21:39.439,25.0
32,V* V732 Her,2024-10-02 20:21:39.439,2024-10-02 20:22:04.439,25.0
33,V* V732 Her,2024-10-02 20:22:04.439,2024-10-02 20:22:29.439,25.0
34,V* V732 Her,2024-10-02 20:22:29.439,2024-10-02 20:22:54.439,25.0
35,V* V732 Her,2024-10-02 20:22:54.439,2024-10-02 20:23:19.439,25.0
36,V* V732 Her,2024-10-02 20:23:19.439,2024-10-02 20:23:44.439,25.0
37,V* V732 Her,2024-10-02 20:23:44.439,2024-10-02 20:24:09.439,25.0
38,V* V732 Her,2024-10-02 20:24:09.439,2024-10-02 20:24:34.439,25.0
39,V* V732 Her,2024-10-02 20:24:34.439,2024-10-02 20:24:59.439,25.0
40,V* V732 Her,2024-10-02 20:24:59.439,2024-10-02 20:25:24.439,25.0
41,V* V732 Her,2024-10-02 20:25:24.439,2024-10-02 20:25:49.439,25.0
42,V* V732 Her,2024-10-02 20:25:49.439,2024-10-02 20:26:14.439,25.0
43,V* V732 Her,2024-10-02 20:26:14.439,2024-10-02 20:26:39.439,25.0
44,V* V732 Her,2024-10-02 20:26:39.439,2024-10-02 20:27:04.439,25.0
45,V* V732 Her,2024-10-02 20:27:04.439,2024-10-02 20:27:29.439,25.0
46,V* V732 Her,2024-10-02 20:27:29.439,2024-10-02 20:27:54.439,25.0
47,V* V732 Her,2024-10-02 20:27:54.439,2024-10-02 20:28:19.439,25.0
48,V* V732 Her,2024-10-02 20:28:19.439,2024-10-02 20:28:44.439,25.0
49,V* V732 Her,2024-10-02 20:28:44.439,2024-10-02 20:29:09.439,25.0
50,V* V732 Her,2024-10-02 20:29:09.439,2024-10-02 20:29:34.439,25.0
51,V* V732 Her,2024-10-02 20:29:34.439,2024-10-02 20:29:59.439,25.0
52,V* V732 Her,2024-10-02 20:29:59.439,2024-10-02 20:30:24.439,25.0
53,V* V732 Her,2024-10-02 20:30:24.439,2024-10-02 20:30:49.439,25.0
54,V* V732 Her,2024-10-02 20:30:49.439,2024-10-02 20:31:14.439,25.0
55,V* V732 Her,2024-10-02 20:31:14.439,2024-10-02 20:31:39.439,25.0
56,V* V732 Her,2024-10-02 20:31:39.439,2024-10-02 20:32:04.439,25.0
57,V* V732 Her,2024-10-02 20:32:04.439,2024-10-02 20:32:29.439,25.0
58,V* V732 Her,2024-10-02 20:32:29.439,2024-10-02 20:32:54.439,25.0
59,V* V732 Her,2024-10-02 20:32:54.439,2024-10-02 20:33:19.439,25.0
60,V* V732 Her,2024-10-02 20:33:19.439,2024-10-02 20:33:44.439,25.0
61,V* V732 Her,2024-10-02 20:33:44.439,2024-10-02 20:34:09.439,25.0
62,V* V732 Her,2024-10-02 20:34:09.439,2024-10-02 20:34:34.439,25.0
63,V* V732 Her,2024-10-02 20:34:34.439,2024-10-02 20:34:59.439,25.0
64,V* V732 Her,2024-10-02 20:34:59.439,2024-10-02 20:35:24.439,25.0
65,V* V732 Her,2024-10-02 20:35:24.439,2024-10-02 20:35:49.439,25.0
66,V* V732 Her,2024-10-02 20:35:49.439,2024-10-02 20:36:14.439,25.0
67,V* V732 Her,2024-10-02 20:36:14.439,2024-10-02 20:36:39.439,25.0
68,V* V732 Her,2024-10-02 20:36:39.439,2024-10-02 20:37:04.439,25.0
69,V* V732 Her,2024-10-02 20:37:04.439,2024-10-02 20:37:29.439,25.0
70,V* V732 Her,2024-10-02 20:37:29.439,2024-10-02 20:37:54.439,25.0
71,V* V732 Her,2024-10-02 20:37:54.439,2024-10-02 20:38:19.439,25.0
72,V* V732 Her,2024-10-02 20:38:19.439,2024-10-02 20:38:44.439,25.0
73,V* V732 Her,2024-10-02 20:38:44.439,2024-10-02 20:39:09.439,25.0
74,V* V732 Her,2024-10-02 20:39:09.439,2024-10-02 20:39:34.439,25.0
75,V* V732 Her,2024-10-02 20:39:34.439,2024-10-02 20:39:59.439,25.0
76,V* V732 Her,2024-10-02 20:39:59.439,2024-10-02 20:40:24.439,25.0
77,V* V732 Her,2024-10-02 20:40:24.439,2024-10-02 20:40:49.439,25.0
78,V* V732 Her,2024-10-02 20:40:49.439,2024-10-02 20:41:14.439,25.0
79,V* V732 Her,2024-10-02 20:41:14.439,2024-10-02 20:41:39.439,25.0
80,V* V732 Her,2024-10-02 20:41:39.439,2024-10-02 20:42:04.439,25.0
81,V* V732 Her,2024-10-02 20:42:04.439,2024-10-02 20:42:29.439,25.0
82,V* V732 Her,2024-10-02 20:42:29.439,2024-10-02 20:42:54.439,25.0
83,V* V732 Her,2024-10-02 20:42:54.439,2024-10-02 20:43:19.439,25.0
84,V* V732 Her,2024-10-02 20:43:19.439,2024-10-02 20:43:44.439,25.0
85,V* V732 Her,2024-10-02 20:43:44.439,2024-10-02 20:44:09.439,25.0
86,V* V732 Her,2024-10-02 20:44:09.439,2024-10-02 20:44:34.439,25.0
87,V* V732 Her,2024-10-02 20:44:34.439,2024-10-02 20:44:59.439,25.0
88,V* V732 Her,2024-10-02 20:44:59.439,2024-10-02 20:45:24.439,25.0
89,V* V732 Her,2024-10-02 20:45:24.439,2024-10-02 20:45:49.439,25.0
90,V* V732 Her,2024-10-02 20:45:49.439,2024-10-02 20:46:14.439,25.0
91,V* V732 Her,2024-10-02 20:46:14.439,2024-10-02 20:46:39.439,25.0
92,V* V732 Her,2024-10-02 20:46:39.439,2024-10-02 20:47:04.439,25.0
93,V* V732 Her,2024-10-02 20:47:04.439,2024-10-02 20:47:29.439,25.0
94,V* V732 Her,2024-10-02 20:47:29.439,2024-10-02 20:47:54.439,25.0
95,V* V732 Her,2024-10-02 20:47:54.439,2024-10-02 20:48:19.439,25.0
96,V* V732 Her,2024-10-02 20:48:19.439,2024-10-02 20:48:44.439,25.0
97,V* V732 Her,2024-10-02 20:48:44.439,2024-10-02 20:49:09.439,25.0
98,V* V732 Her,2024-10-02 20:49:09.439,2024-10-02 20:49:34.439,25.0
99,V* V732 Her,2024-10-02 20:49:34.439,2024-10-02 20:49:59.439,25.0
100,V* V732 Her,2024-10-02 20:49:59.439,2024-10-02 20:50:24.439,25.0
101,V* V732 Her,2024-10-02 20:50:24.439,2024-10-02 20:50:49.439,25.0
102,V* V732 Her,2024-10-02 20:50:49.439,2024-10-02 20:51:14.439,25.0
103,V* V732 Her,2024-10-02 20:51:14.439,2024-10-02 20:51:39.439,25.0
104,V* V732 Her,2024-10-02 20:51:39.439,2024-10-02 20:52:04.439,25.0
105,V* V732 Her,2024-10-02 20:52:04.439,2024-10-02 20:52:29.439,25.0
106,V* V732 Her,2024-10-02 20:52:29.439,2024-10-02 20:52:54.439,25.0
107,V* V732 Her,2024-10-02 20:52:54.439,2024-10-02 20:53:19.439,25.0
108,V* V732 Her,2024-10-02 20:53:19.439,2024-10-02 20:53:44.439,25.0
109,V* V732 Her,2024-10-02 20:53:44.439,2024-10-02 20:54:09.439,25.0
110,V* V732 Her,2024-10-02 20:54:09.439,2024-10-02 20:54:34.439,25.0
111,V* V732 Her,2024-10-02 20:54:34.439,2024-10-02 20:54:59.439,25.0
112,V* V732 Her,2024-10-02 20:54:59.439,2024-10-02 20:55:24.439,25.0
113,V* V732 Her,2024-10-02 20:55:24.439,2024-10-02 20:55:49.439,25.0
114,V* V732 Her,2024-10-02 20:55:49.439,2024-10-02 20:56:14.439,25.0
115,V* V732 Her,2024-10-02 20:56:14.439,2024-10-02 20:56:39.439,25.0
116,V* V732 Her,2024-10-02 20:56:39.439,2024-10-02 20:57:04.439,25.0
117,V* V732 Her,2024-10-02 20:57:04.439,2024-10-02 20:57:29.439,25.0
118,V* V732 Her,2024-10-02 20:57:29.439,2024-10-02 20:57:54.439,25.0
119,V* V732 Her,2024-10-02 20:57:54.439,2024-10-02 20:58:19.439,25.0
120,V* V732 Her,2024-10-02 20:58:19.439,2024-10-02 20:58:44.439,25.0
121,V* V732 Her,2024-10-02 20:58:44.439,2024-10-02 20:59:09.439,25.0
122,V* V732 Her,2024-10-02 20:59:09.439,2024-10-02 20:59:34.439,25.0
123,V* V732 Her,2024-10-02 20:59:34.439,2024-10-02 20:59:59.439,25.0
124,V* V732 Her,2024-10-02 20:59:59.439,2024-10-02 21:00:24.439,25.0
125,V* V732 Her,2024-10-02 21:00:24.439,2024-10-02 21:00:49.439,25.0
126,V* V732 Her,2024-10-02 21:00:49.439,2024-10-02 21:01:14.439,25.0
127,V* V732 Her,2024-10-02 21:01:14.439,2024-10-02 21:01:39.439,25.0
128,V* V732 Her,2024-10-02 21:01:39.439,2024-10-02 21:02:04.439,25.0
129,V* V732 Her,2024-10-02 21:02:04.439,2024-10-02 21:02:29.439,25.0
130,V* V732 Her,2024-10-02 21:02:29.439,2024-10-02 21:02:54.439,25.0
131,V* V732 Her,2024-10-02 21:02:54.439,2024-10-02 21:03:19.439,25.0
132,V* V732 Her,2024-10-02 21:03:19.439,2024-10-02 21:03:44.439,25.0
133,V* V732 Her,2024-10-02 21:03:44.439,2024-10-02 21:04:09.439,25.0
134,V* V732 Her,2024-10-02 21:04:09.439,2024-10-02 21:04:34.439,25.0
135,V* V732 Her,2024-10-02 21:04:34.439,2024-10-02 21:04:59.439,25.0
136,V* V732 Her,2024-10-02 21:04:59.439,2024-10-02 21:05:24.439,25.0
137,V* V732 Her,2024-10-02 21:05:24.439,2024-10-02 21:05:49.439,25.0
138,V* V732 Her,2024-10-02 21:05:49.439,2024-10-02 21:06:14.439,25.0
139,V* V732 Her,2024-10-02 21:06:14.439,2024-10-02 21:06:39.439,25.0
140,V* V732 Her,2024-10-02 21:06:39.439,2024-10-02 21:07:04.439,25.0
141,V* V732 Her,2024-10-02 21:07:04.439,2024-10-02 21:07:29.439,25.0
142,V* V732 Her,2024-10-02 21:07:29.439,2024-10-02 21:07:54.439,25.0
143,V* V732 Her,2024-10-02 21:07:54.439,2024-10-02 21:08:19.439,25.0
144,V* V732 Her,2024-10-02 21:08:19.439,2024-10-02 21:08:44.439,25.0
145,V* V732 Her,2024-10-02 21:08:44.439,2024-10-02 21:09:09.439,25.0
146,V* V732 Her,2024-10-02 21:09:09.439,2024-10-02 21:09:34.439,25.0
147,V* V732 Her,2024-10-02 21:09:34.439,2024-10-02 21:09:59.439,25.0
148,V* V732 Her,2024-10-02 21:09:59.439,2024-10-02 21:10:24.439,25.0
149,V* V732 Her,2024-10-02 21:10:24.439,2024-10-02 21:10:49.439,25.0
150,V* V732 Her,2024-10-02 21:10:49.439,2024-10-02 21:11:14.439,25.0
151,V* V732 Her,2024-10-02 21:11:14.439,2024-10-02 21:11:39.439,25.0
152,V* V732 Her,2024-10-02 21:11:39.439,2024-10-02 21:12:04.439,25.0
153,V* V732 Her,2024-10-02 21:12:04.439,2024-10-02 21:12:29.439,25.0
154,V* V732 Her,2024-10-02 21:12:29.439,2024-10-02 21:12:54.439,25.0
155,V* V732 Her,2024-10-02 21:12:54.439,2024-10-02 21:13:19.439,25.0
156,V* V732 Her,2024-10-02 21:13:19.439,2024-10-02 21:13:44.439,25.0
157,V* V732 Her,2024-10-02 21:13:44.439,2024-10-02 21:14:09.439,25.0
158,V* V732 Her,2024-10-02 21:14:09.439,2024-10-02 21:14:34.439,25.0
159,V* V732 Her,2024-10-02 21:14:34.439,2024-10-02 21:14:59.439,25.0
160,V* V732 Her,2024-10-02 21:14:59.439,2024-10-02 21:15:24.439,25.0
161,V* V732 Her,2024-10-02 21:15:24.439,2024-10-02 21:15:49.439,25.0
162,V* V732 Her,2024-10-02 21:15:49.439,2024-10-02 21:16:14.439,25.0
163,V* V732 Her,2024-10-02 21:16:14.439,2024-10-02 21:16:39.439,25.0
164,V* V732 Her,2024-10-02 21:16:39.439,2024-10-02 21:17:04.439,25.0
165,V* V732 Her,2024-10-02 21:17:04.439,2024-10-02 21:17:29.439,25.0
166,V* V732 Her,2024-10-02 21:17:29.439,2024-10-02 21:17:54.439,25.0
167,V* V732 Her,2024-10-02 21:17:54.439,2024-10-02 21:18:19.439,25.0
168,V* V732 Her,2024-10-02 21:18:19.439,2024-10-02 21:18:44.439,25.0
169,V* V732 Her,2024-10-02 21:18:44.439,2024-10-02 21:19:09.439,25.0
170,V* V732 Her,2024-10-02 21:19:09.439,2024-10-02 21:19:34.439,25.0
171,V* V732 Her,2024-10-02 21:19:34.439,2024-10-02 21:19:59.439,25.0
172,V* V732 Her,2024-10-02 21:19:59.439,2024-10-02 21:20:24.439,25.0
173,V* V732 Her,2024-10-02 21:20:24.439,2024-10-02 21:20:49.439,25.0
174,V* V732 Her,2024-10-02 21:20:49.439,2024-10-02 21:21:14.439,25.0
175,V* V732 Her,2024-10-02 21:21:14.439,2024-10-02 21:21:39.439,25.0
176,V* V732 Her,2024-10-02 21:21:39.439,2024-10-02 21:22:04.439,25.0
177,V* V732 Her,2024-10-02 21:22:04.439,2024-10-02 21:22:29.439,25.0
178,V* V732 Her,2024-10-02 21:22:29.439,2024-10-02 21:22:54.439,25.0
179,V* V732 Her,2024-10-02 21:22:54.439,2024-10-02 21:23:19.439,25.0
180,V* V732 Her,2024-10-02 21:23:19.439,2024-10-02 21:23:44.439,25.0
181,V* V732 Her,2024-10-02 21:23:44.439,2024-10-02 21:24:09.439,25.0
182,V* V732 Her,2024-10-02 21:24:09.439,2024-10-02 21:24:34.439,25.0
183,V* V732 Her,2024-10-02 21:24:34.439,2024-10-02 21:24:59.439,25.0
184,V* V732 Her,2024-10-02 21:24:59.439,2024-10-02 21:25:24.439,25.0
185,V* V732 Her,2024-10-02 21:25:24.439,2024-10-02 21:25:49.439,25.0
186,V* V732 Her,2024-10-02 21:25:49.439,2024-10-02 21:26:14.439,25.0
187,V* V732 Her,2024-10-02 21:26:14.439,2024-10-02 21:26:39.439,25.0
188,V* V732 Her,2024-10-02 21:26:39.439,2024-10-02 21:27:04.439,25.0
189,V* V732 Her,2024-10-02 21:27:04.439,2024-10-02 21:27:29.439,25.0
190,V* V732 Her,2024-10-02 21:27:29.439,2024-10-02 21:27:54.439,25.0
191,V* V732 Her,2024-10-02 21:27:54.439,2024-10-02 21:28:19.439,25.0
192,V* V732 Her,2024-10-02 21:28:19.439,2024-10-02 21:28:44.439,25.0
193,V* V732 Her,2024-10-02 21:28:44.439,2024-10-02 21:29:09.439,25.0
194,V* V732 Her,2024-10-02 21:29:09.439,2024-10-02 21:29:34.439,25.0
195,V* V732 Her,2024-10-02 21:29:34.439,2024-10-02 21:29:59.439,25.0
196,V* V732 Her,2024-10-02 21:29:59.439,2024-10-02 21:30:24.439,25.0
197,V* V732 Her,2024-10-02 21:30:24.439,2024-10-02 21:30:49.439,25.0
198,V* V732 Her,2024-10-02 21:30:49.439,2024-10-02 21:31:14.439,25.0
199,V* V732 Her,2024-10-02 21:31:14.439,2024-10-02 21:31:39.439,25.0
200,V* V732 Her,2024-10-02 21:31:39.439,2024-10-02 21:32:04.439,25.0
201,V* V732 Her,2024-10-02 21:32:04.439,2024-10-02 21:32:29.439,25.0
202,V* V732 Her,2024-10-02 21:32:29.439,2024-10-02 21:32:54.439,25.0
203,V* V732 Her,2024-10-02 21:32:54.439,2024-10-02 21:33:19.439,25.0
204,V* V732 Her,2024-10-02 21:33:19.439,2024-10-02 21:33:44.439,25.0
205,V* V732 Her,2024-10-02 21:33:44.439,2024-10-02 21:34:09.439,25.0
206,V* V732 Her,2024-10-02 21:34:09.439,2024-10-02 21:34:34.439,25.0
207,V* V732 Her,2024-10-02 21:34:34.439,2024-10-02 21:34:59.439,25.0
208,V* V732 Her,2024-10-02 21:34:59.439,2024-10-02 21:35:24.439,25.0
209,V* V732 Her,2024-10-02 21:35:24.439,2024-10-02 21:35:49.439,25.0
210,V* V732 Her,2024-10-02 21:35:49.439,2024-10-02 21:36:14.439,25.0
211,V* V732 Her,2024-10-02 21:36:14.439,2024-10-02 21:36:39.439,25.0
212,V* V732 Her,2024-10-02 21:36:39.439,2024-10-02 21:37:04.439,25.0
213,V* V732 Her,2024-10-02 21:37:04.439,2024-10-02 21:37:29.439,25.0
214,V* V732 Her,2024-10-02 21:37:29.439,2024-10-02 21:37:54.439,25.0
215,V* V732 Her,2024-10-02 21:37:54.439,2024-10-02 21:38:19.439,25.0
216,V* V732 Her,2024-10-02 21:38:19.439,2024-10-02 21:38:44.439,25.0
217,V* V732 Her,2024-10-02 21:38:44.439,2024-10-02 21:39:09.439,25.0
218,V* V732 Her,2024-10-02 21:39:09.439,2024-10-02 21:39:34.439,25.0
219,V* V732 Her,2024-10-02 21:39:34.439,2024-10-02 21:39:59.439,25.0
220,V* V732 Her,2024-10-02 21:39:59.439,2024-10-02 21:40:24.439,25.0
221,V* V732 Her,2024-10-02 21:40:24.439,2024-10-02 21:40:49.439,25.0
222,V* V732 Her,2024-10-02 21:40:49.439,2024-10-02 21:41:14.439,25.0
223,V* V732 Her,2024-10-02 21:41:14.439,2024-10-02 21:41:39.439,25.0
224,V* V732 Her,2024-10-02 21:41:39.439,2024-10-02 21:42:04.439,25.0
225,V* V732 Her,2024-10-02 21:42:04.439,2024-10-02 21:42:29.439,25.0
226,V* V732 Her,2024-10-02 21:42:29.439,2024-10-02 21:42:54.439,25.0
227,V* V732 Her,2024-10-02 21:42:54.439,2024-10-02 21:43:19.439,25.0
228,V* V732 Her,2024-10-02 21:43:19.439,2024-10-02 21:43:44.439,25.0
229,V* V732 Her,2024-10-02 21:43:44.439,2024-10-02 21:44:09.439,25.0
230,V* V732 Her,2024-10-02 21:44:09.439,2024-10-02 21:44:34.439,25.0
231,V* V732 Her,2024-10-02 21:44:34.439,2024-10-02 21:44:59.439,25.0
232,V* V732 Her,2024-10-02 21:44:59.439,2024-10-02 21:45:24.439,25.0
233,V* V732 Her,2024-10-02 21:45:24.439,2024-10-02 21:45:49.439,25.0
234,V* V732 Her,2024-10-02 21:45:49.439,2024-10-02 21:46:14.439,25.0
235,V* V732 Her,2024-10-02 21:46:14.439,2024-10-02 21:46:39.439,25.0
236,V* V732 Her,2024-10-02 21:46:39.439,2024-10-02 21:47:04.439,25.0
237,V* V732 Her,2024-10-02 21:47:04.439,2024-10-02 21:47:29.439,25.0
238,V* V732 Her,2024-10-02 21:47:29.439,2024-10-02 21:47:54.439,25.0
239,V* V732 Her,2024-10-02 21:47:54.439,2024-10-02 21:48:19.439,25.0
240,V* V732 Her,2024-10-02 21:48:19.439,2024-10-02 21:48:44.439,25.0
241,V* V732 Her,2024-10-02 21:48:44.439,2024-10-02 21:49:09.439,25.0
242,V* V732 Her,2024-10-02 21:49:09.439,2024-10-02 21:49:34.439,25.0
243,V* V732 Her,2024-10-02 21:49:34.439,2024-10-02 21:49:59.439,25.0
244,V* V732 Her,2024-10-02 21:49:59.439,2024-10-02 21:50:24.439,25.0
245,V* V732 Her,2024-10-02 21:50:24.439,2024-10-02 21:50:49.439,25.0
246,V* V732 Her,2024-10-02 21:50:49.439,2024-10-02 21:51:14.439,25.0
247,V* V732 Her,2024-10-02 21:51:14.439,2024-10-02 21:51:39.439,25.0
248,V* V732 Her,2024-10-02 21:51:39.439,2024-10-02 21:52:04.439,25.0
249,V* V732 Her,2024-10-02 21:52:04.439,2024-10-02 21:52:29.439,25.0
250,V* V732 Her,2024-10-02 21:52:29.439,2024-10-02 21:52:54.439,25.0
251,V* V732 Her,2024-10-02 21:52:54.439,2024-10-02 21:53:19.439,25.0
252,V* V732 Her,2024-10-02 21:53:19.439,2024-10-02 21:53:44.439,25.0
253,V* V732 Her,2024-10-02 21:53:44.439,2024-10-02 21:54:09.439,25.0
254,V* V732 Her,2024-10-02 21:54:09.439,2024-10-02 21:54:34.439,25.0
255,V* V732 Her,2024-10-02 21:54:34.439,2024-10-02 21:54:59.439,25.0
256,V* V732 Her,2024-10-02 21:54:59.439,2024-10-02 21:55:24.439,25.0
257,V* V732 Her,2024-10-02 21:55:24.439,2024-10-02 21:55:49.439,25.0
258,V* V732 Her,2024-10-02 21:55:49.439,2024-10-02 21:56:14.439,25.0
259,V* V732 Her,2024-10-02 21:56:14.439,2024-10-02 21:56:39.439,25.0
260,V* V732 Her,2024-10-02 21:56:39.439,2024-10-02 21:57:04.439,25.0
261,V* V732 Her,2024-10-02 21:57:04.439,2024-10-02 21:57:29.439,25.0
262,V* V732 Her,2024-10-02 21:57:29.439,2024-10-02 21:57:54.439,25.0
263,V* V732 Her,2024-10-02 21:57:54.439,2024-10-02 21:58:19.439,25.0
264,V* V732 Her,2024-10-02 21:58:19.439,2024-10-02 21:58:44.439,25.0
265,V* V732 Her,2024-10-02 21:58:44.439,2024-10-02 21:59:09.439,25.0
266,V* V732 Her,2024-10-02 21:59:09.439,2024-10-02 21:59:34.439,25.0
267,V* V732 Her,2024-10-02 21:59:34.439,2024-10-02 21:59:59.439,25.0
268,V* V732 Her,2024-10-02 21:59:59.439,2024-10-02 22:00:24.439,25.0
269,V* V732 Her,2024-10-02 22:00:24.439,2024-10-02 22:00:49.439,25.0
270,V* V732 Her,2024-10-02 22:00:49.439,2024-10-02 22:01:14.439,25.0
271,V* V732 Her,2024-10-02 22:01:14.439,2024-10-02 22:01:39.439,25.0
272,V* V732 Her,2024-10-02 22:01:39.439,2024-10-02 22:02:04.439,25.0
273,V* V732 Her,2024-10-02 22:02:04.439,2024-10-02 22:02:29.439,25.0
274,V* V732 Her,2024-10-02 22:02:29.439,2024-10-02 22:02:54.439,25.0
275,V* V732 Her,2024-10-02 22:02:54.439,2024-10-02 22:03:19.439,25.0
276,V* V732 Her,2024-10-02 22:03:19.439,2024-10-02 22:03:44.439,25.0
277,V* V732 Her,2024-10-02 22:03:44.439,2024-10-02 22:04:09.439,25.0
278,V* V732 Her,2024-10-02 22:04:09.439,2024-10-02 22:04:34.439,25.0
279,V* V732 Her,2024-10-02 22:04:34.439,2024-10-02 22:04:59.439,25.0
280,V* V732 Her,2024-10-02 22:04:59.439,2024-10-02 22:05:24.439,25.0
281,V* V732 Her,2024-10-02 22:05:24.439,2024-10-02 22:05:49.439,25.0
282,V* V732 Her,2024-10-02 22:05:49.439,2024-10-02 22:06:14.439,25.0
283,V* V732 Her,2024-10-02 22:06:14.439,2024-10-02 22:06:39.439,25.0
284,V* V732 Her,2024-10-02 22:06:39.439,2024-10-02 22:07:04.439,25.0
285,V* V732 Her,2024-10-02 22:07:04.439,2024-10-02 22:07:29.439,25.0
286,V* V732 Her,2024-10-02 22:07:29.439,2024-10-02 22:07:54.439,25.0
287,V* V732 Her,2024-10-02 22:07:54.439,2024-10-02 22:08:19.439,25.0
288,V* V732 Her,2024-10-02 22:08:19.439,2024-10-02 22:08:44.439,25.0
289,V* V732 Her,2024-10-02 22:08:44.439,2024-10-02 22:09:09.439,25.0
290,V* V732 Her,2024-10-02 22:09:09.439,2024-10-02 22:09:34.439,25.0
291,V* V732 Her,2024-10-02 22:09:34.439,2024-10-02 22:09:59.439,25.0
292,V* V732 Her,2024-10-02 22:09:59.439,2024-10-02 22:10:24.439,25.0
293,V* V732 Her,2024-10-02 22:10:24.439,2024-10-02 22:10:49.439,25.0
294,V* V732 Her,2024-10-02 22:10:49.439,2024-10-02 22:11:14.439,25.0
295,V* V732 Her,2024-10-02 22:11:14.439,2024-10-02 22:11:39.439,25.0
296,V* V732 Her,2024-10-02 22:11:39.439,2024-10-02 22:12:04.439,25.0
297,V* V732 Her,2024-10-02 22:12:04.439,2024-10-02 22:12:29.439,25.0
298,V* V732 Her,2024-10-02 22:12:29.439,2024-10-02 22:12:54.439,25.0
299,V* V732 Her,2024-10-02 22:12:54.439,2024-10-02 22:13:19.439,25.0
300,V* V732 Her,2024-10-02 22:13:19.439,2024-10-02 22:13:44.439,25.0
301,V* V732 Her,2024-10-02 22:13:44.439,2024-10-02 22:14:09.439,25.0
302,V* V732 Her,2024-10-02 22:14:09.439,2024-10-02 22:14:34.439,25.0
303,V* V732 Her,2024-10-02 22:14:34.439,2024-10-02 22:14:59.439,25.0
304,V* V732 Her,2024-10-02 22:14:59.439,2024-10-02 22:15:24.439,25.0
305,V* V732 Her,2024-10-02 22:15:24.439,2024-10-02 22:15:49.439,25.0
306,V* V732 Her,2024-10-02 22:15:49.439,2024-10-02 22:16:14.439,25.0
307,V* V732 Her,2024-10-02 22:16:14.439,2024-10-02 22:16:39.439,25.0
308,V* V732 Her,2024-10-02 22:16:39.439,2024-10-02 22:17:04.439,25.0
309,V* V732 Her,2024-10-02 22:17:04.439,2024-10-02 22:17:29.439,25.0
310,V* V732 Her,2024-10-02 22:17:29.439,2024-10-02 22:17:54.439,25.0
311,V* V732 Her,2024-10-02 22:17:54.439,2024-10-02 22:18:19.439,25.0
312,V* V732 Her,2024-10-02 22:18:19.439,2024-10-02 22:18:44.439,25.0
313,V* V732 Her,2024-10-02 22:18:44.439,2024-10-02 22:19:09.439,25.0
314,V* V732 Her,2024-10-02 22:19:09.439,2024-10-02 22:19:34.439,25.0
315,V* V732 Her,2024-10-02 22:19:34.439,2024-10-02 22:19:59.439,25.0
316,V* V732 Her,2024-10-02 22:19:59.439,2024-10-02 22:20:24.439,25.0
317,V* V732 Her,2024-10-02 22:20:24.439,2024-10-02 22:20:49.439,25.0
318,V* V732 Her,2024-10-02 22:20:49.439,2024-10-02 22:21:14.439,25.0
319,V* V732 Her,2024-10-02 22:21:14.439,2024-10-02 22:21:39.439,25.0
320,V* V732 Her,2024-10-02 22:21:39.439,2024-10-02 22:22:04.439,25.0
321,V* V732 Her,2024-10-02 22:22:04.439,2024-10-02 22:22:29.439,25.0
322,V* V732 Her,2024-10-02 22:22:29.439,2024-10-02 22:22:54.439,25.0
323,V* V732 Her,2024-10-02 22:22:54.439,2024-10-02 22:23:19.439,25.0
324,V* V732 Her,2024-10-02 22:23:19.439,2024-10-02 22:23:44.439,25.0
325,V* V732 Her,2024-10-02 22:23:44.439,2024-10-02 22:24:09.439,25.0
326,V* V732 Her,2024-10-02 22:24:09.439,2024-10-02 22:24:34.439,25.0
327,V* V732 Her,2024-10-02 22:24:34.439,2024-10-02 22:24:59.439,25.0
328,V* V732 Her,2024-10-02 22:24:59.439,2024-10-02 22:25:24.439,25.0
329,V* V732 Her,2024-10-02 22:25:24.439,2024-10-02 22:25:49.439,25.0
330,V* V732 Her,2024-10-02 22:25:49.439,2024-10-02 22:26:14.439,25.0
331,V* V732 Her,2024-10-02 22:26:14.439,2024-10-02 22:26:39.439,25.0
332,V* V732 Her,2024-10-02 22:26:39.439,2024-10-02 22:27:04.439,25.0
333,V* V732 Her,2024-10-02 22:27:04.439,2024-10-02 22:27:29.439,25.0
334,V* V732 Her,2024-10-02 22:27:29.439,2024-10-02 22:27:54.439,25.0
335,V* V732 Her,2024-10-02 22:27:54.439,2024-10-02 22:28:19.439,25.0
336,V* V732 Her,2024-10-02 22:28:19.439,2024-10-02 22:28:44.439,25.0
337,V* V732 Her,2024-10-02 22:28:44.439,2024-10-02 22:29:09.439,25.0
338,V* V732 Her,2024-10-02 22:29:09.439,2024-10-02 22:29:34.439,25.0
339,V* V732 Her,2024-10-02 22:29:34.439,2024-10-02 22:29:59.439,25.0
340,V* V732 Her,2024-10-02 22:29:59.439,2024-10-02 22:30:24.439,25.0
341,V* V732 Her,2024-10-02 22:30:24.439,2024-10-02 22:30:49.439,25.0
342,V* V732 Her,2024-10-02 22:30:49.439,2024-10-02 22:31:14.439,25.0
343,V* V732 Her,2024-10-02 22:31:14.439,2024-10-02 22:31:39.439,25.0
344,V* V732 Her,2024-10-02 22:31:39.439,2024-10-02 22:32:04.439,25.0
345,V* V732 Her,2024-10-02 22:32:04.439,2024-10-02 22:32:29.439,25.0
346,V* V732 Her,2024-10-02 22:32:29.439,2024-10-02 22:32:54.439,25.0
347,V* V732 Her,2024-10-02 22:32:54.439,2024-10-02 22:33:19.439,25.0
348,V* V732 Her,2024-10-02 22:33:19.439,2024-10-02 22:33:44.439,25.0
349,V* V732 Her,2024-10-02 22:33:44.439,2024-10-02 22:34:09.439,25.0
350,V* V732 Her,2024-10-02 22:34:09.439,2024-10-02 22:34:34.439,25.0
351,V* V732 Her,2024-10-02 22:34:34.439,2024-10-02 22:34:59.439,25.0
352,V* V732 Her,2024-10-02 22:34:59.439,2024-10-02 22:35:24.439,25.0
353,V* V732 Her,2024-10-02 22:35:24.439,2024-10-02 22:35:49.439,25.0
354,V* V732 Her,2024-10-02 22:35:49.439,2024-10-02 22:36:14.439,25.0
355,V* U Lep,2024-10-03 02:53:50.796,2024-10-03 02:54:15.796,25.0
356,V* U Lep,2024-10-03 02:54:15.796,2024-10-03 02:54:40.796,25.0
357,V* U Lep,2024-10-03 02:54:40.796,2024-10-03 02:55:05.796,25.0
358,V* U Lep,2024-10-03 02:55:05.796,2024-10-03 02:55:30.796,25.0
359,V* U Lep,2024-10-03 02:55:30.796,2024-10-03 02:55:55.796,25.0
360,V* U Lep,2024-10-03 02:55:55.796,2024-10-03 02:56:20.796,25.0
361,V* U Lep,2024-10-03 02:56:20.796,2024-10-03 02:56:45.796,25.0
362,V* U Lep,2024-10-03 02:56:45.796,2024-10-03 02:57:10.796,25.0
363,V* U Lep,2024-10-03 02:57:10.796,2024-10-03 02:57:35.796,25.0
364,V* U Lep,2024-10-03 02:57:35.796,2024-10-03 02:58:00.796,25.0
365,V* U Lep,2024-10-03 02:58:00.796,2024-10-03 02:58:25.796,25.0
366,V* U Lep,2024-10-03 02:58:25.796,2024-10-03 02:58:50.796,25.0
367,V* U Lep,2024-10-03 02:58:50.796,2024-10-03 02:59:15.796,25.0
368,V* U Lep,2024-10-03 02:59:15.796,2024-10-03 02:59:40.796,25.0
369,V* U Lep,2024-10-03 02:59:40.796,2024-10-03 03:00:05.796,25.0
370,V* U Lep,2024-10-03 03:00:05.796,2024-10-03 03:00:30.796,25.0
371,V* U Lep,2024-10-03 03:00:30.796,2024-10-03 03:00:55.796,25.0
372,V* U Lep,2024-10-03 03:00:55.796,2024-10-03 03:01:20.796,25.0
373,V* U Lep,2024-10-03 03:01:20.796,2024-10-03 03:01:45.796,25.0
374,V* U Lep,2024-10-03 03:01:45.796,2024-10-03 03:02:10.796,25.0
375,V* U Lep,2024-10-03 03:02:10.796,2024-10-03 03:02:35.796,25.0
376,V* U Lep,2024-10-03 03:02:35.796,2024-10-03 03:03:00.796,25.0
377,V* U Lep,2024-10-03 03:03:00.796,2024-10-03 03:03:25.796,25.0
378,V* U Lep,2024-10-03 03:03:25.796,2024-10-03 03:03:50.796,25.0
379,V* U Lep,2024-10-03 03:03:50.796,2024-10-03 03:04:15.796,25.0
380,V* U Lep,2024-10-03 03:04:15.796,2024-10-03 03:04:40.796,25.0
381,V* U Lep,2024-10-03 03:04:40.796,2024-10-03 03:05:05.796,25.0
382,V* U Lep,2024-10-03 03:05:05.796,2024-10-03 03:05:30.796,25.0
383,V* U Lep,2024-10-03 03:05:30.796,2024-10-03 03:05:55.796,25.0
384,V* U Lep,2024-10-03 03:05:55.796,2024-10-03 03:06:20.796,25.0
385,V* U Lep,2024-10-03 03:06:20.796,2024-10-03 03:06:45.796,25.0
386,V* U Lep,2024-10-03 03:06:45.796,2024-10-03 03:07:10.796,25.0
387,V* U Lep,2024-10-03 03:07:10.796,2024-10-03 03:07:35.796,25.0
388,V* U Lep,2024-10-03 03:07:35.796,2024-10-03 03:08:00.796,25.0
389,V* U Lep,2024-10-03 03:08:00.796,2024-10-03 03:08:25.796,25.0
390,V* U Lep,2024-10-03 03:08:25.796,2024-10-03 03:08:50.796,25.0
391,V* U Lep,2024-10-03 03:08:50.796,2024-10-03 03:09:15.796,25.0
392,V* U Lep,2024-10-03 03:09:15.796,2024-10-03 03:09:40.796,25.0
393,V* U Lep,2024-10-03 03:09:40.796,2024-10-03 03:10:05.796,25.0
394,V* U Lep,2024-10-03 03:10:05.796,2024-10-03 03:10:30.796,25.0
395,V* U Lep,2024-10-03 03:10:30.796,2024-10-03 03:10:55.796,25.0
396,V* U Lep,2024-10-03 03:10:55.796,2024-10-03 03:11:20.796,25.0
397,V* U Lep,2024-10-03 03:11:20.796,2024-10-03 03:11:45.796,25.0
398,V* U Lep,2024-10-03 03:11:45.796,2024-10-03 03:12:10.796,25.0
399,V* U Lep,2024-10-03 03:12:10.796,2024-10-03 03:12:35.796,25.0
400,V* U Lep,2024-10-03 03:12:35.796,2024-10-03 03:13:00.796,25.0
401,V* U Lep,2024-10-03 03:13:00.796,2024-10-03 03:13:25.796,25.0
402,V* U Lep,2024-10-03 03:13:25.796,2024-10-03 03:13:50.796,25.0
403,V* U Lep,2024-10-03 03:13:50.796,2024-10-03 03:14:15.796,25.0
404,V* U Lep,2024-10-03 03:14:15.796,2024-10-03 03:14:40.796,25.0
405,V* U Lep,2024-10-03 03:14:40.796,2024-10-03 03:15:05.796,25.0
406,V* U Lep,2024-10-03 03:15:05.796,2024-10-03 03:15:30.796,25.0
407,V* U Lep,2024-10-03 03:15:30.796,2024-10-03 03:15:55.796,25.0
408,V* U Lep,2024-10-03 03:15:55.796,2024-10-03 03:16:20.796,25.0
409,V* U Lep,2024-10-03 03:16:20.796,2024-10-03 03:16:45.796,25.0
410,V* U Lep,2024-10-03 03:16:45.796,2024-10-03 03:17:10.796,25.0
411,V* U Lep,2024-10-03 03:17:10.796,2024-10-03 03:17:35.796,25.0
412,V* U Lep,2024-10-03 03:17:35.796,2024-10-03 03:18:00.796,25.0
413,V* U Lep,2024-10-03 03:18:00.796,2024-10-03 03:18:25.796,25.0
414,V* U Lep,2024-10-03 03:18:25.796,2024-10-03 03:18:50.796,25.0
415,V* U Lep,2024-10-03 03:18:50.796,2024-10-03 03:19:15.796,25.0
416,V* U Lep,2024-10-03 03:19:15.796,2024-10-03 03:19:40.796,25.0
417,V* U Lep,2024-10-03 03:19:40.796,2024-10-03 03:20:05.796,25.0
418,V* U Lep,2024-10-03 03:20:05.796,2024-10-03 03:20:30.796,25.0
419,V* U Lep,2024-10-03 03:20:30.796,2024-10-03 03:20:55.796,25.0
420,V* U Lep,2024-10-03 03:20:55.796,2024-10-03 03:21:20.796,25.0
421,V* U Lep,2024-10-03 03:21:20.796,2024-10-03 03:21:45.796,25.0
422,V* U Lep,2024-10-03 03:21:45.796,2024-10-03 03:22:10.796,25.0
423,V* U Lep,2024-10-03 03:22:10.796,2024-10-03 03:22:35.796,25.0
424,V* U Lep,2024-10-03 03:22:35.796,2024-10-03 03:23:00.796,25.0
425,V* U Lep,2024-10-03 03:23:00.796,2024-10-03 03:23:25.796,25.0
426,V* U Lep,2024-10-03 03:23:25.796,2024-10-03 03:23:50.796,25.0
427,V* U Lep,2024-10-03 03:23:50.796,2024-10-03 03:24:15.796,25.0
428,V* U Lep,2024-10-03 03:24:15.796,2024-10-03 03:24:40.796,25.0
429,V* U Lep,2024-10-03 03:24:40.796,2024-10-03 03:25:05.796,25.0
430,V* U Lep,2024-10-03 03:25:05.796,2024-10-03 03:25:30.796,25.0
431,V* U Lep,2024-10-03 03:25:30.796,2024-10-03 03:25:55.796,25.0
432,V* U Lep,2024-10-03 03:25:55.796,2024-10-03 03:26:20.796,25.0
433,V* U Lep,2024-10-03 03:26:20.796,2024-10-03 03:26:45.796,25.0
434,V* U Lep,2024-10-03 03:26:45.796,2024-10-03 03:27:10.796,25.0
435,V* U Lep,2024-10-03 03:27:10.796,2024-10-03 03:27:35.796,25.0
436,V* U Lep,2024-10-03 03:27:35.796,2024-10-03 03:28:00.796,25.0
437,V* U Lep,2024-10-03 03:28:00.796,2024-10-03 03:28:25.796,25.0
438,V* U Lep,2024-10-03 03:28:25.796,2024-10-03 03:28:50.796,25.0
439,V* U Lep,2024-10-03 03:28:50.796,2024-10-03 03:29:15.796,25.0
440,V* U Lep,2024-10-03 03:29:15.796,2024-10-03 03:29:40.796,25.0
441,V* U Lep,2024-10-03 03:29:40.796,2024-10-03 03:30:05.796,25.0
442,V* U Lep,2024-10-03 03:30:05.796,2024-10-03 03:30:30.796,25.0
443,V* U Lep,2024-10-03 03:30:30.796,2024-10-03 03:30:55.796,25.0
444,V* U Lep,2024-10-03 03:30:55.796,2024-10-03 03:31:20.796,25.0
445,V* U Lep,2024-10-03 03:31:20.796,2024-10-03 03:31:45.796,25.0
446,V* U Lep,2024-10-03 03:31:45.796,2024-10-03 03:32:10.796,25.0
447,V* U Lep,2024-10-03 03:32:10.796,2024-10-03 03:32:35.796,25.0
448,V* U Lep,2024-10-03 03:32:35.796,2024-10-03 03:33:00.796,25.0
449,V* U Lep,2024-10-03 03:33:00.796,2024-10-03 03:33:25.796,25.0
450,V* U Lep,2024-10-03 03:33:25.796,2024-10-03 03:33:50.796,25.0
451,V* U Lep,2024-10-03 03:33:50.796,2024-10-03 03:34:15.796,25.0
452,V* U Lep,2024-10-03 03:34:15.796,2024-10-03 03:34:40.796,25.0
453,V* U Lep,2024-10-03 03:34:40.796,2024-10-03 03:35:05.796,25.0
454,V* U Lep,2024-10-03 03:35:05.796,2024-10-03 03:35:30.796,25.0
455,V* U Lep,2024-10-03 03:35:30.796,2024-10-03 03:35:55.796,25.0
456,V* U Lep,2024-10-03 03:35:55.796,2024-10-03 03:36:20.796,25.0
457,V* U Lep,2024-10-03 03:36:20.796,2024-10-03 03:36:45.796,25.0
458,V* U Lep,2024-10-03 03:36:45.796,2024-10-03 03:37:10.796,25.0
459,V* U Lep,2024-10-03 03:37:10.796,2024-10-03 03:37:35.796,25.0
460,V* U Lep,2024-10-03 03:37:35.796,2024-10-03 03:38:00.796,25.0
461,V* U Lep,2024-10-03 03:38:00.796,2024-10-03 03:38:25.796,25.0
462,V* U Lep,2024-10-03 03:38:25.796,2024-10-03 03:38:50.796,25.0
463,V* U Lep,2024-10-03 03:38:50.796,2024-10-03 03:39:15.796,25.0
464,V* U Lep,2024-10-03 03:39:15.796,2024-10-03 03:39:40.796,25.0
465,V* U Lep,2024-10-03 03:39:40.796,2024-10-03 03:40:05.796,25.0
466,V* U Lep,2024-10-03 03:40:05.796,2024-10-03 03:40:30.796,25.0
467,V* U Lep,2024-10-03 03:40:30.796,2024-10-03 03:40:55.796,25.0
468,V* U Lep,2024-10-03 03:40:55.796,2024-10-03 03:41:20.796,25.0
469,V* U Lep,2024-10-03 03:41:20.796,2024-10-03 03:41:45.796,25.0
470,V* U Lep,2024-10-03 03:41:45.796,2024-10-03 03:42:10.796,25.0
471,V* U Lep,2024-10-03 03:42:10.796,2024-10-03 03:42:35.796,25.0
472,V* U Lep,2024-10-03 03:42:35.796,2024-10-03 03:43:00.796,25.0
473,V* U Lep,2024-10-03 03:43:00.796,2024-10-03 03:43:25.796,25.0
474,V* U Lep,2024-10-03 03:43:25.796,2024-10-03 03:43:50.796,25.0
475,V* U Lep,2024-10-03 03:43:50.796,2024-10-03 03:44:15.796,25.0
476,V* U Lep,2024-10-03 03:44:15.796,2024-10-03 03:44:40.796,25.0
477,V* U Lep,2024-10-03 03:44:40.796,2024-10-03 03:45:05.796,25.0
478,V* U Lep,2024-10-03 03:45:05.796,2024-10-03 03:45:30.796,25.0
479,V* U Lep,2024-10-03 03:45:30.796,2024-10-03 03:45:55.796,25.0
480,V* U Lep,2024-10-03 03:45:55.796,2024-10-03 03:46:20.796,25.0
481,V* U Lep,2024-10-03 03:46:20.796,2024-10-03 03:46:45.796,25.0
482,V* U Lep,2024-10-03 03:46:45.796,2024-10-03 03:47:10.796,25.0
483,V* U Lep,2024-10-03 03:47:10.796,2024-10-03 03:47:35.796,25.0
484,V* U Lep,2024-10-03 03:47:35.796,2024-10-03 03:48:00.796,25.0
485,V* U Lep,2024-10-03 03:48:00.796,2024-10-03 03:48:25.796,25.0
486,V* U Lep,2024-10-03 03:48:25.796,2024-10-03 03:48:50.796,25.0
487,V* U Lep,2024-10-03 03:48:50.796,2024-10-03 03:49:15.796,25.0
488,V* U Lep,2024-10-03 03:49:15.796,2024-10-03 03:49:40.796,25.0
489,V* U Lep,2024-10-03 03:49:40.796,2024-10-03 03:50:05.796,25.0
490,V* U Lep,2024-10-03 03:50:05.796,2024-10-03 03:50:30.796,25.0
491,V* U Lep,2024-10-03 03:50:30.796,2024-10-03 03:50:55.796,25.0
492,V* U Lep,2024-10-03 03:50:55.796,2024-10-03 03:51:20.796,25.0
493,V* U Lep,2024-10-03 03:51:20.796,2024-10-03 03:51:45.796,25.0
494,V* U Lep,2024-10-03 03:51:45.796,2024-10-03 03:52:10.796,25.0
495,V* U Lep,2024-10-03 03:52:10.796,2024-10-03 03:52:35.796,25.0
496,V* U Lep,2024-10-03 03:52:35.796,2024-10-03 03:53:00.796,25.0
497,V* U Lep,2024-10-03 03:53:00.796,2024-10-03 03:53:25.796,25.0
498,V* U Lep,2024-10-03 03:53:25.796,2024-10-03 03:53:50.796,25.0
499,V* RR Gem,2024-10-03 03:54:53.475,2024-10-03 03:55:18.475,25.0
500,V* RR Gem,2024-10-03 03:55:18.475,2024-10-03 03:55:43.475,25.0
501,V* RR Gem,2024-10-03 03:55:43.475,2024-10-03 03:56:08.475,25.0
502,V* RR Gem,2024-10-03 03:56:08.475,2024-10-03 03:56:33.475,25.0
503,V* RR Gem,2024-10-03 03:56:33.475,2024-10-03 03:56:58.475,25.0
504,V* RR Gem,2024-10-03 03:56:58.475,2024-10-03 03:57:23.475,25.0
505,V* RR Gem,2024-10-03 03:57:23.475,2024-10-03 03:57:48.475,25.0
506,V* RR Gem,2024-10-03 03:57:48.475,2024-10-03 03:58:13.475,25.0
507,V* RR Gem,2024-10-03 03:58:13.475,2024-10-03 03:58:38.475,25.0
508,V* RR Gem,2024-10-03 03:58:38.475,2024-10-03 03:59:03.475,25.0
509,V* RR Gem,2024-10-03 03:59:03.475,2024-10-03 03:59:28.475,25.0
510,V* RR Gem,2024-10-03 03:59:28.475,2024-10-03 03:59:53.475,25.0
511,V* RR Gem,2024-10-03 03:59:53.475,2024-10-03 04:00:18.475,25.0
512,V* RR Gem,2024-10-03 04:00:18.475,2024-10-03 04:00:43.475,25.0
513,V* RR Gem,2024-10-03 04:00:43.475,2024-10-03 04:01:08.475,25.0
514,V* RR Gem,2024-10-03 04:01:08.475,2024-10-03 04:01:33.475,25.0
515,V* RR Gem,2024-10-03 04:01:33.475,2024-10-03 04:01:58.475,25.0
516,V* RR Gem,2024-10-03 04:01:58.475,2024-10-03 04:02:23.475,25.0
517,V* RR Gem,2024-10-03 04:02:23.475,2024-10-03 04:02:48.475,25.0
518,V* RR Gem,2024-10-03 04:02:48.475,2024-10-03 04:03:13.475,25.0
519,V* RR Gem,2024-10-03 04:03:13.475,2024-10-03 04:03:38.475,25.0
520,V* RR Gem,2024-10-03 04:03:38.475,2024-10-03 04:04:03.475,25.0
521,V* RR Gem,2024-10-03 04:04:03.475,2024-10-03 04:04:28.475,25.0
522,V* RR Gem,2024-10-03 04:04:28.475,2024-10-03 04:04:53.475,25.0
523,V* RR Gem,2024-10-03 04:04:53.475,2024-10-03 04:05:18.475,25.0
524,V* RR Gem,2024-10-03 04:05:18.475,2024-10-03 04:05:43.475,25.0
525,V* RR Gem,2024-10-03 04:05:43.475,2024-10-03 04:06:08.475,25.0
526,V* RR Gem,2024-10-03 04:06:08.475,2024-10-03 04:06:33.475,25.0
527,V* RR Gem,2024-10-03 04:06:33.475,2024-10-03 04:06:58.475,25.0
528,V* RR Gem,2024-10-03 04:06:58.475,2024-10-03 04:07:23.475,25.0
529,V* RR Gem,2024-10-03 04:07:23.475,2024-10-03 04:07:48.475,25.0
530,V* RR Gem,2024-10-03 04:07:48.475,2024-10-03 04:08:13.475,25.0
531,V* RR Gem,2024-10-03 04:08:13.475,2024-10-03 04:08:38.475,25.0
532,V* RR Gem,2024-10-03 04:08:38.475,2024-10-03 04:09:03.475,25.0
533,V* RR Gem,2024-10-03 04:09:03.475,2024-10-03 04:09:28.475,25.0
534,V* RR Gem,2024-10-03 04:09:28.475,2024-10-03 04:09:53.475,25.0
535,V* RR Gem,2024-10-03 04:09:53.475,2024-10-03 04:10:18.475,25.0
536,V* RR Gem,2024-10-03 04:10:18.475,2024-10-03 04:10:43.475,25.0
537,V* RR Gem,2024-10-03 04:10:43.475,2024-10-03 04:11:08.475,25.0
538,V* RR Gem,2024-10-03 04:11:08.475,2024-10-03 04:11:33.475,25.0
539,V* RR Gem,2024-10-03 04:11:33.475,2024-10-03 04:11:58.475,25.0
540,V* RR Gem,2024-10-03 04:11:58.475,2024-10-03 04:12:23.475,25.0
541,V* RR Gem,2024-10-03 04:12:23.475,2024-10-03 04:12:48.475,25.0
542,V* RR Gem,2024-10-03 04:12:48.475,2024-10-03 04:13:13.475,25.0
543,V* RR Gem,2024-10-03 04:13:13.475,2024-10-03 04:13:38.475,25.0
544,V* RR Gem,2024-10-03 04:13:38.475,2024-10-03 04:14:03.475,25.0
545,V* RR Gem,2024-10-03 04:14:03.475,2024-10-03 04:14:28.475,25.0
546,V* RR Gem,2024-10-03 04:14:28.475,2024-10-03 04:14:53.475,25.0
547,V* RR Gem,2024-10-03 04:14:53.475,2024-10-03 04:15:18.475,25.0
548,V* RR Gem,2024-10-03 04:15:18.475,2024-10-03 04:15:43.475,25.0
549,V* RR Gem,2024-10-03 04:15:43.475,2024-10-03 04:16:08.475,25.0
550,V* RR Gem,2024-10-03 04:16:08.475,2024-10-03 04:16:33.475,25.0
551,V* RR Gem,2024-10-03 04:16:33.475,2024-10-03 04:16:58.475,25.0
552,V* RR Gem,2024-10-03 04:16:58.475,2024-10-03 04:17:23.475,25.0
553,V* RR Gem,2024-10-03 04:17:23.475,2024-10-03 04:17:48.475,25.0
554,V* RR Gem,2024-10-03 04:17:48.475,2024-10-03 04:18:13.475,25.0
555,V* RR Gem,2024-10-03 04:18:13.475,2024-10-03 04:18:38.475,25.0
556,V* RR Gem,2024-10-03 04:18:38.475,2024-10-03 04:19:03.475,25.0
557,V* RR Gem,2024-10-03 04:19:03.475,2024-10-03 04:19:28.475,25.0
558,V* RR Gem,2024-10-03 04:19:28.475,2024-10-03 04:19:53.475,25.0
559,V* RR Gem,2024-10-03 04:19:53.475,2024-10-03 04:20:18.475,25.0
560,V* RR Gem,2024-10-03 04:20:18.475,2024-10-03 04:20:43.475,25.0
561,V* RR Gem,2024-10-03 04:20:43.475,2024-10-03 04:21:08.475,25.0
562,V* RR Gem,2024-10-03 04:21:08.475,2024-10-03 04:21:33.475,25.0
563,V* RR Gem,2024-10-03 04:21:33.475,2024-10-03 04:21:58.475,25.0
564,V* RR Gem,2024-10-03 04:21:58.475,2024-10-03 04:22:23.475,25.0
565,V* RR Gem,2024-10-03 04:22:23.475,2024-10-03 04:22:48.475,25.0
566,V* RR Gem,2024-10-03 04:22:48.475,2024-10-03 04:23:13.475,25.0
567,V* RR Gem,2024-10-03 04:23:13.475,2024-10-03 04:23:38.475,25.0
568,V* RR Gem,2024-10-03 04:23:38.475,2024-10-03 04:24:03.475,25.0
569,V* RR Gem,2024-10-03 04:24:03.475,2024-10-03 04:24:28.475,25.0
570,V* RR Gem,2024-10-03 04:24:28.475,2024-10-03 04:24:53.475,25.0
571,V* RR Gem,2024-10-03 04:24:53.475,2024-10-03 04:25:18.475,25.0
572,V* RR Gem,2024-10-03 04:25:18.475,2024-10-03 04:25:43.475,25.0
573,V* RR Gem,2024-10-03 04:25:43.475,2024-10-03 04:26:08.475,25.0
574,V* RR Gem,2024-10-03 04:26:08.475,2024-10-03 04:26:33.475,25.0
575,V* RR Gem,2024-10-03 04:26:33.475,2024-10-03 04:26:58.475,25.0
576,V* RR Gem,2024-10-03 04:26:58.475,2024-10-03 04:27:23.475,25.0
577,V* RR Gem,2024-10-03 04:27:23.475,2024-10-03 04:27:48.475,25.0
578,V* RR Gem,2024-10-03 04:27:48.475,2024-10-03 04:28:13.475,25.0
579,V* RR Gem,2024-10-03 04:28:13.475,2024-10-03 04:28:38.475,25.0
580,V* RR Gem,2024-10-03 04:28:38.475,2024-10-03 04:29:03.475,25.0
581,V* RR Gem,2024-10-03 04:29:03.475,2024-10-03 04:29:28.475,25.0
582,V* RR Gem,2024-10-03 04:29:28.475,2024-10-03 04:29:53.475,25.0
583,V* RR Gem,2024-10-03 04:29:53.475,2024-10-03 04:30:18.475,25.0
584,V* RR Gem,2024-10-03 04:30:18.475,2024-10-03 04:30:43.475,25.0
585,V* RR Gem,2024-10-03 04:30:43.475,2024-10-03 04:31:08.475,25.0
586,V* RR Gem,2024-10-03 04:31:08.475,2024-10-03 04:31:33.475,25.0
587,V* RR Gem,2024-10-03 04:31:33.475,2024-10-03 04:31:58.475,25.0
588,V* RR Gem,2024-10-03 04:31:58.475,2024-10-03 04:32:23.475,25.0
589,V* RR Gem,2024-10-03 04:32:23.475,2024-10-03 04:32:48.475,25.0
590,V* RR Gem,2024-10-03 04:32:48.475,2024-10-03 04:33:13.475,25.0
591,V* RR Gem,2024-10-03 04:33:13.475,2024-10-03 04:33:38.475,25.0
592,V* RR Gem,2024-10-03 04:33:38.475,2024-10-03 04:34:03.475,25.0
593,V* RR Gem,2024-10-03 04:34:03.475,2024-10-03 04:34:28.475,25.0
594,V* RR Gem,2024-10-03 04:34:28.475,2024-10-03 04:34:53.475,25.0
595,V* RR Gem,2024-10-03 04:34:53.475,2024-10-03 04:35:18.475,25.0
596,V* RR Gem,2024-10-03 04:35:18.475,2024-10-03 04:35:43.475,25.0
597,V* RR Gem,2024-10-03 04:35:43.475,2024-10-03 04:36:08.475,25.0
598,V* RR Gem,2024-10-03 04:36:08.475,2024-10-03 04:36:33.475,25.0
599,V* RR Gem,2024-10-03 04:36:33.475,2024-10-03 04:36:58.475,25.0
600,V* RR Gem,2024-10-03 04:36:58.475,2024-10-03 04:37:23.475,25.0
601,V* RR Gem,2024-10-03 04:37:23.475,2024-10-03 04:37:48.475,25.0
602,V* RR Gem,2024-10-03 04:37:48.475,2024-10-03 04:38:13.475,25.0
603,V* RR Gem,2024-10-03 04:38:13.475,2024-10-03 04:38:38.475,25.0
604,V* RR Gem,2024-10-03 04:38:38.475,2024-10-03 04:39:03.475,25.0
605,V* RR Gem,2024-10-03 04:39:03.475,2024-10-03 04:39:28.475,25.0
606,V* RR Gem,2024-10-03 04:39:28.475,2024-10-03 04:39:53.475,25.0
607,V* RR Gem,2024-10-03 04:39:53.475,2024-10-03 04:40:18.475,25.0
608,V* RR Gem,2024-10-03 04:40:18.475,2024-10-03 04:40:43.475,25.0
609,V* RR Gem,2024-10-03 04:40:43.475,2024-10-03 04:41:08.475,25.0
610,V* RR Gem,2024-10-03 04:41:08.475,2024-10-03 04:41:33.475,25.0
611,V* RR Gem,2024-10-03 04:41:33.475,2024-10-03 04:41:58.475,25.0
612,V* RR Gem,2024-10-03 04:41:58.475,2024-10-03 04:42:23.475,25.0
613,V* RR Gem,2024-10-03 04:42:23.475,2024-10-03 04:42:48.475,25.0
614,V* RR Gem,2024-10-03 04:42:48.475,2024-10-03 04:43:13.475,25.0
615,V* RR Gem,2024-10-03 04:43:13.475,2024-10-03 04:43:38.475,25.0
616,V* RR Gem,2024-10-03 04:43:38.475,2024-10-03 04:44:03.475,25.0
617,V* RR Gem,2024-10-03 04:44:03.475,2024-10-03 04:44:28.475,25.0
618,V* RR Gem,2024-10-03 04:44:28.475,2024-10-03 04:44:53.475,25.0
619,V* RR Gem,2024-10-03 04:44:53.475,2024-10-03 04:45:18.475,25.0
620,V* RR Gem,2024-10-03 04:45:18.475,2024-10-03 04:45:43.475,25.0
621,V* RR Gem,2024-10-03 04:45:43.475,2024-10-03 04:46:08.475,25.0
622,V* RR Gem,2024-10-03 04:46:08.475,2024-10-03 04:46:33.475,25.0
623,V* RR Gem,2024-10-03 04:46:33.475,2024-10-03 04:46:58.475,25.0
624,V* RR Gem,2024-10-03 04:46:58.475,2024-10-03 04:47:23.475,25.0
625,V* RR Gem,2024-10-03 04:47:23.475,2024-10-03 04:47:48.475,25.0
626,V* RR Gem,2024-10-03 04:47:48.475,2024-10-03 04:48:13.475,25.0
627,V* RR Gem,2024-10-03 04:48:13.475,2024-10-03 04:48:38.475,25.0
628,V* RR Gem,2024-10-03 04:48:38.475,2024-10-03 04:49:03.475,25.0
629,V* RR Gem,2024-10-03 04:49:03.475,2024-10-03 04:49:28.475,25.0
630,V* RR Gem,2024-10-03 04:49:28.475,2024-10-03 04:49:53.475,25.0
631,V* RR Gem,2024-10-03 04:49:53.475,2024-10-03 04:50:18.475,25.0
632,V* RR Gem,2024-10-03 04:50:18.475,2024-10-03 04:50:43.475,25.0
633,V* RR Gem,2024-10-03 04:50:43.475,2024-10-03 04:51:08.475,25.0
634,V* RR Gem,2024-10-03 04:51:08.475,2024-10-03 04:51:33.475,25.0
635,V* RR Gem,2024-10-03 04:51:33.475,2024-10-03 04:51:58.475,25.0
636,V* RR Gem,2024-10-03 04:51:58.475,2024-10-03 04:52:23.475,25.0
637,V* RR Gem,2024-10-03 04:52:23.475,2024-10-03 04:52:48.475,25.0
638,V* RR Gem,2024-10-03 04:52:48.475,2024-10-03 04:53:13.475,25.0
639,V* RR Gem,2024-10-03 04:53:13.475,2024-10-03 04:53:38.475,25.0
640,V* RR Gem,2024-10-03 04:53:38.475,2024-10-03 04:54:03.475,25.0
641,V* RR Gem,2024-10-03 04:54:03.475,2024-10-03 04:54:28.475,25.0
642,V* RR Gem,2024-10-03 04:54:28.475,2024-10-03 04:54:53.475,25.0
643,V* U Lep,2024-10-03 04:55:56.154,2024-10-03 04:56:21.154,25.0
644,V* U Lep,2024-10-03 04:56:21.154,2024-10-03 04:56:46.154,25.0
645,V* U Lep,2024-10-03 04:56:46.154,2024-10-03 04:57:11.154,25.0
646,V* U Lep,2024-10-03 04:57:11.154,2024-10-03 04:57:36.154,25.0
647,V* U Lep,2024-10-03 04:57:36.154,2024-10-03 04:58:01.154,25.0
648,V* U Lep,2024-10-03 04:58:01.154,2024-10-03 04:58:26.154,25.0
649,V* U Lep,2024-10-03 04:58:26.154,2024-10-03 04:58:51.154,25.0
650,V* U Lep,2024-10-03 04:58:51.154,2024-10-03 04:59:16.154,25.0
651,V* U Lep,2024-10-03 04:59:16.154,2024-10-03 04:59:41.154,25.0
652,V* U Lep,2024-10-03 04:59:41.154,2024-10-03 05:00:06.154,25.0
653,V* U Lep,2024-10-03 05:00:06.154,2024-10-03 05:00:31.154,25.0
654,V* U Lep,2024-10-03 05:00:31.154,2024-10-03 05:00:56.154,25.0
655,V* U Lep,2024-10-03 05:00:56.154,2024-10-03 05:01:21.154,25.0
656,V* U Lep,2024-10-03 05:01:21.154,2024-10-03 05:01:46.154,25.0
657,V* U Lep,2024-10-03 05:01:46.154,2024-10-03 05:02:11.154,25.0
658,V* U Lep,2024-10-03 05:02:11.154,2024-10-03 05:02:36.154,25.0
659,V* U Lep,2024-10-03 05:02:36.154,2024-10-03 05:03:01.154,25.0
660,V* U Lep,2024-10-03 05:03:01.154,2024-10-03 05:03:26.154,25.0
661,V* U Lep,2024-10-03 05:03:26.154,2024-10-03 05:03:51.154,25.0
662,V* U Lep,2024-10-03 05:03:51.154,2024-10-03 05:04:16.154,25.0
663,V* U Lep,2024-10-03 05:04:16.154,2024-10-03 05:04:41.154,25.0
664,V* U Lep,2024-10-03 05:04:41.154,2024-10-03 05:05:06.154,25.0
665,V* U Lep,2024-10-03 05:05:06.154,2024-10-03 05:05:31.154,25.0
666,V* U Lep,2024-10-03 05:05:31.154,2024-10-03 05:05:56.154,25.0
667,V* U Lep,2024-10-03 05:05:56.154,2024-10-03 05:06:21.154,25.0
668,V* U Lep,2024-10-03 05:06:21.154,2024-10-03 05:06:46.154,25.0
669,V* U Lep,2024-10-03 05:06:46.154,2024-10-03 05:07:11.154,25.0
670,V* U Lep,2024-10-03 05:07:11.154,2024-10-03 05:07:36.154,25.0
671,V* U Lep,2024-10-03 05:07:36.154,2024-10-03 05:08:01.154,25.0
672,V* U Lep,2024-10-03 05:08:01.154,2024-10-03 05:08:26.154,25.0
673,V* U Lep,2024-10-03 05:08:26.154,2024-10-03 05:08:51.154,25.0
674,V* U Lep,2024-10-03 05:08:51.154,2024-10-03 05:09:16.154,25.0
675,V* U Lep,2024-10-03 05:09:16.154,2024-10-03 05:09:41.154,25.0
676,V* U Lep,2024-10-03 05:09:41.154,2024-10-03 05:10:06.154,25.0
677,V* U Lep,2024-10-03 05:10:06.154,2024-10-03 05:10:31.154,25.0
678,V* U Lep,2024-10-03 05:10:31.154,2024-10-03 05:10:56.154,25.0
679,V* U Lep,2024-10-03 05:10:56.154,2024-10-03 05:11:21.154,25.0
680,V* U Lep,2024-10-03 05:11:21.154,2024-10-03 05:11:46.154,25.0
681,V* U Lep,2024-10-03 05:11:46.154,2024-10-03 05:12:11.154,25.0
682,V* U Lep,2024-10-03 05:12:11.154,2024-10-03 05:12:36.154,25.0
683,V* U Lep,2024-10-03 05:12:36.154,2024-10-03 05:13:01.154,25.0
684,V* U Lep,2024-10-03 05:13:01.154,2024-10-03 05:13:26.154,25.0
685,V* U Lep,2024-10-03 05:13:26.154,2024-10-03 05:13:51.154,25.0
686,V* U Lep,2024-10-03 05:13:51.154,2024-10-03 05:14:16.154,25.0
687,V* U Lep,2024-10-03 05:14:16.154,2024-10-03 05:14:41.154,25.0
688,V* U Lep,2024-10-03 05:14:41.154,2024-10-03 05:15:06.154,25.0
689,V* U Lep,2024-10-03 05:15:06.154,2024-10-03 05:15:31.154,25.0
690,V* U Lep,2024-10-03 05:15:31.154,2024-10-03 05:15:56.154,25.0
691,V* U Lep,2024-10-03 05:15:56.154,2024-10-03 05:16:21.154,25.0
692,V* U Lep,2024-10-03 05:16:21.154,2024-10-03 05:16:46.154,25.0
693,V* U Lep,2024-10-03 05:16:46.154,2024-10-03 05:17:11.154,25.0
694,V* U Lep,2024-10-03 05:17:11.154,2024-10-03 05:17:36.154,25.0
695,V* U Lep,2024-10-03 05:17:36.154,2024-10-03 05:18:01.154,25.0
696,V* U Lep,2024-10-03 05:18:01.154,2024-10-03 05:18:26.154,25.0
697,V* U Lep,2024-10-03 05:18:26.154,2024-10-03 05:18:51.154,25.0
698,V* U Lep,2024-10-03 05:18:51.154,2024-10-03 05:19:16.154,25.0
699,V* U Lep,2024-10-03 05:19:16.154,2024-10-03 05:19:41.154,25.0
700,V* U Lep,2024-10-03 05:19:41.154,2024-10-03 05:20:06.154,25.0
701,V* U Lep,2024-10-03 05:20:06.154,2024-10-03 05:20:31.154,25.0
702,V* U Lep,2024-10-03 05:20:31.154,2024-10-03 05:20:56.154,25.0
703,V* U Lep,2024-10-03 05:20:56.154,2024-10-03 05:21:21.154,25.0
704,V* U Lep,2024-10-03 05:21:21.154,2024-10-03 05:21:46.154,25.0
705,V* U Lep,2024-10-03 05:21:46.154,2024-10-03 05:22:11.154,25.0
706,V* U Lep,2024-10-03 05:22:11.154,2024-10-03 05:22:36.154,25.0
707,V* U Lep,2024-10-03 05:22:36.154,2024-10-03 05:23:01.154,25.0
708,V* U Lep,2024-10-03 05:23:01.154,2024-10-03 05:23:26.154,25.0
709,V* U Lep,2024-10-03 05:23:26.154,2024-10-03 05:23:51.154,25.0
710,V* U Lep,2024-10-03 05:23:51.154,2024-10-03 05:24:16.154,25.0
711,V* U Lep,2024-10-03 05:24:16.154,2024-10-03 05:24:41.154,25.0
712,V* U Lep,2024-10-03 05:24:41.154,2024-10-03 05:25:06.154,25.0
713,V* U Lep,2024-10-03 05:25:06.154,2024-10-03 05:25:31.154,25.0
714,V* U Lep,2024-10-03 05:25:31.154,2024-10-03 05:25:56.154,25.0
715,V* U Lep,2024-10-03 05:25:56.154,2024-10-03 05:26:21.154,25.0
716,V* U Lep,2024-10-03 05:26:21.154,2024-10-03 05:26:46.154,25.0
717,V* U Lep,2024-10-03 05:26:46.154,2024-10-03 05:27:11.154,25.0
718,V* U Lep,2024-10-03 05:27:11.154,2024-10-03 05:27:36.154,25.0
719,V* U Lep,2024-10-03 05:27:36.154,2024-10-03 05:28:01.154,25.0
720,V* U Lep,2024-10-03 05:28:01.154,2024-10-03 05:28:26.154,25.0
721,V* U Lep,2024-10-03 05:28:26.154,2024-10-03 05:28:51.154,25.0
722,V* U Lep,2024-10-03 05:28:51.154,2024-10-03 05:29:16.154,25.0
723,V* U Lep,2024-10-03 05:29:16.154,2024-10-03 05:29:41.154,25.0
724,V* U Lep,2024-10-03 05:29:41.154,2024-10-03 05:30:06.154,25.0
725,V* U Lep,2024-10-03 05:30:06.154,2024-10-03 05:30:31.154,25.0
726,V* U Lep,2024-10-03 05:30:31.154,2024-10-03 05:30:56.154,25.0
727,V* U Lep,2024-10-03 05:30:56.154,2024-10-03 05:31:21.154,25.0
728,V* U Lep,2024-10-03 05:31:21.154,2024-10-03 05:31:46.154,25.0
729,V* U Lep,2024-10-03 05:31:46.154,2024-10-03 05:32:11.154,25.0
730,V* U Lep,2024-10-03 05:32:11.154,2024-10-03 05:32:36.154,25.0
731,V* U Lep,2024-10-03 05:32:36.154,2024-10-03 05:33:01.154,25.0
732,V* U Lep,2024-10-03 05:33:01.154,2024-10-03 05:33:26.154,25.0
733,V* U Lep,2024-10-03 05:33:26.154,2024-10-03 05:33:51.154,25.0
734,V* U Lep,2024-10-03 05:33:51.154,2024-10-03 05:34:16.154,25.0
735,V* U Lep,2024-10-03 05:34:16.154,2024-10-03 05:34:41.154,25.0
736,V* U Lep,2024-10-03 05:34:41.154,2024-10-03 05:35:06.154,25.0
737,V* U Lep,2024-10-03 05:35:06.154,2024-10-03 05:35:31.154,25.0
738,V* U Lep,2024-10-03 05:35:31.154,2024-10-03 05:35:56.154,25.0
739,V* U Lep,2024-10-03 05:35:56.154,2024-10-03 05:36:21.154,25.0
740,V* U Lep,2024-10-03 05:36:21.154,2024-10-03 05:36:46.154,25.0
741,V* U Lep,2024-10-03 05:36:46.154,2024-10-03 05:37:11.154,25.0
742,V* U Lep,2024-10-03 05:37:11.154,2024-10-03 05:37:36.154,25.0
743,V* U Lep,2024-10-03 05:37:36.154,2024-10-03 05:38:01.154,25.0
744,V* U Lep,2024-10-03 05:38:01.154,2024-10-03 05:38:26.154,25.0
745,V* U Lep,2024-10-03 05:38:26.154,2024-10-03 05:38:51.154,25.0
746,V* U Lep,2024-10-03 05:38:51.154,2024-10-03 05:39:16.154,25.0
747,V* U Lep,2024-10-03 05:39:16.154,2024-10-03 05:39:41.154,25.0
748,V* U Lep,2024-10-03 05:39:41.154,2024-10-03 05:40:06.154,25.0
749,V* U Lep,2024-10-03 05:40:06.154,2024-10-03 05:40:31.154,25.0
750,V* U Lep,2024-10-03 05:40:31.154,2024-10-03 05:40:56.154,25.0
751,V* U Lep,2024-10-03 05:40:56.154,2024-10-03 05:41:21.154,25.0
752,V* U Lep,2024-10-03 05:41:21.154,2024-10-03 05:41:46.154,25.0
